t_epoch_seconds,-1,1
1704085362.0,0.16198019683361053,0.8380197882652283
1704193330.0,0.2044910192489624,0.7955089211463928
1704197034.0,0.2277306765317917,0.7722693681716919
1704233679.0,0.24860124289989471,0.7513987421989441
1704294378.0,0.47213900089263916,0.5278609395027161
1704294959.0,0.4288089871406555,0.5711910724639893
1704302609.0,0.32441088557243347,0.6755890846252441
1704366090.0,0.3633819818496704,0.6366180181503296
1704367631.0,0.3998785614967346,0.6001213788986206
1704418219.0,0.4863527715206146,0.513647198677063
1704459142.0,0.3313952386379242,0.6686047911643982
1704585600.0,0.007805733475834131,0.9921942353248596
1704586808.0,0.25256019830703735,0.7474397420883179
1704599772.0,0.10127448290586472,0.8987255096435547
1704636476.0,0.16091391444206238,0.83908611536026
1704675063.0,0.34945300221443176,0.6505470275878906
1704726357.0,0.23886123299598694,0.7611387372016907
1704886159.0,0.46501192450523376,0.5349881649017334
1704931200.0,0.1053815633058548,0.8946183919906616
1704931200.0,0.23965631425380707,0.7603437304496765
1704986083.0,0.11623323708772659,0.883766770362854
1705063534.0,0.19943130016326904,0.800568699836731
1705091614.0,0.12585891783237457,0.8741410970687866
1705225367.0,0.5271828174591064,0.47281715273857117
1705238206.0,0.37562623620033264,0.6243737936019897
1705252042.0,0.1344030350446701,0.8655969500541687
1705276800.0,0.2426765263080597,0.7573234438896179
1705319123.0,0.011706897988915443,0.9882930517196655
1705324733.0,0.15801936388015747,0.8419806957244873
1705359183.0,0.41317272186279297,0.5868273377418518
1705363200.0,0.21865952014923096,0.781340479850769
1705406383.0,0.3185635507106781,0.6814364194869995
1705622400.0,0.3283943831920624,0.67160564661026
1705658901.0,0.32012641429901123,0.6798735857009888
1705687553.0,0.44551634788513184,0.5544835925102234
1705718730.0,0.216257244348526,0.7837427258491516
1705748670.0,0.25869980454444885,0.7413001656532288
1705881600.0,0.7509615421295166,0.2490384578704834
1705885111.0,0.32271161675453186,0.6772883534431458
1705923986.0,0.3578658998012543,0.6421341300010681
1705941139.0,0.3338170647621155,0.6661829352378845
1705962646.0,0.07683981955051422,0.923160195350647
1705968000.0,0.6953549385070801,0.3046450912952423
1706011372.0,0.3474970757961273,0.6525029540061951
1706063403.0,0.2894604206085205,0.7105395793914795
1706139419.0,0.3609817922115326,0.6390182375907898
1706150536.0,0.007461539935320616,0.9925384521484375
1706395451.0,0.40306779742240906,0.5969322323799133
1706434050.0,0.0033127623610198498,0.9966872334480286
1706526808.0,0.30528342723846436,0.6947165131568909
1706572800.0,0.39709341526031494,0.6029066443443298
1706613137.0,0.43215781450271606,0.5678421258926392
1706653225.0,0.3361133337020874,0.6638866662979126
1706844451.0,0.8453001976013184,0.15469980239868164
1706885805.0,0.3550465703010559,0.6449533700942993
1706885945.0,0.22683413326740265,0.7731658816337585
1706907096.0,0.30486050248146057,0.6951395273208618
1707019782.0,0.23130406439304352,0.7686959505081177
1707346431.0,0.007331563159823418,0.9926684498786926
1707420565.0,0.028826767578721046,0.9711732268333435
1707530381.0,0.00953822210431099,0.9904617667198181
1707742016.0,0.4391685128211975,0.5608315467834473
1707782400.0,0.44627755880355835,0.5537224411964417
1707851594.0,0.4977559745311737,0.5022440552711487
1707868800.0,0.27072054147720337,0.7292794585227966
1707902495.0,0.3965275287628174,0.6034724712371826
1707918850.0,0.33775612711906433,0.6622439026832581
1707920532.0,0.05482248589396477,0.9451774954795837
1707971131.0,0.12772488594055176,0.872275173664093
1707999320.0,0.36892828345298767,0.6310716867446899
1708000102.0,0.16373686492443085,0.8362631797790527
1708009661.0,0.41185498237609863,0.5881450772285461
1708018540.0,0.3866965174674988,0.6133034825325012
1708057004.0,0.29203498363494873,0.707965075969696
1708092034.0,0.2532639801502228,0.7467359900474548
1708155329.0,0.04737607017159462,0.9526239037513733
1708167108.0,0.23864956200122833,0.7613503932952881
1708259354.0,0.3223709464073181,0.6776289939880371
1708300840.0,0.2571242153644562,0.7428758144378662
1708425246.0,0.34285983443260193,0.6571401953697205
1708431205.0,0.004438899923115969,0.9955611228942871
1708432385.0,0.33774927258491516,0.6622507572174072
1708437217.0,0.4010615944862366,0.5989384055137634
1708474908.0,0.31328171491622925,0.6867183446884155
1708595367.0,0.027238089591264725,0.9727619290351868
1708604356.0,0.2884092330932617,0.7115908265113831
1708624646.0,0.25464949011802673,0.7453505396842957
1708633275.0,0.19169576466083527,0.8083041906356812
1708688307.0,0.004276748280972242,0.9957232475280762
1708689506.0,0.3155716061592102,0.684428334236145
1708722241.0,0.00410235021263361,0.995897650718689
1708741469.0,0.2603923976421356,0.739607572555542
1708746062.0,0.003559654578566551,0.9964403510093689
1708799891.0,0.8462985754013062,0.15370145440101624
1708819200.0,0.324921190738678,0.675078809261322
1708890130.0,0.0027010515332221985,0.9972989559173584
1708897214.0,0.23231413960456848,0.7676858901977539
1708905600.0,0.003448436502367258,0.9965515732765198
1708968247.0,0.20221605896949768,0.7977839708328247
1709065790.0,0.19561250507831573,0.8043875098228455
1709081070.0,0.15558655560016632,0.8444134593009949
1709082099.0,0.316659152507782,0.6833409070968628
1709165943.0,0.21043629944324493,0.7895637154579163
1709169371.0,0.08642256259918213,0.9135774970054626
1709304909.0,0.27340757846832275,0.7265924215316772
1709374493.0,0.2692059874534607,0.7307940125465393
1709412847.0,0.41651877760887146,0.5834811925888062
1709472989.0,0.3705398738384247,0.6294601559638977
1709482877.0,0.35483187437057495,0.6451680660247803
1709483026.0,0.35086220502853394,0.6491377353668213
1709485544.0,0.3461299240589142,0.6538701057434082
1709487205.0,0.21003705263137817,0.7899629473686218
1709490755.0,0.15089024603366852,0.8491097092628479
1709502275.0,0.15750271081924438,0.8424972891807556
1709523877.0,0.005926440469920635,0.9940735697746277
1709729767.0,0.2534559667110443,0.7465440034866333
1709835881.0,0.4266175329685211,0.5733824372291565
1709936034.0,0.24225084483623505,0.757749080657959
1709942400.0,0.7695897221565247,0.23041024804115295
1710027768.0,0.36388736963272095,0.6361125707626343
1710035498.0,0.3908323049545288,0.6091676950454712
1710075194.0,0.38354092836380005,0.6164590120315552
1710115200.0,0.0027063642628490925,0.9972936511039734
1710151064.0,0.22430822253227234,0.77569180727005
1710241081.0,0.16882319748401642,0.8311768174171448
1710275371.0,0.35977640748023987,0.6402236223220825
1710315684.0,0.17775310575962067,0.8222469091415405
1710537273.0,0.2825404107570648,0.7174596190452576
1710635380.0,0.3956165611743927,0.6043834090232849
1710720900.0,0.8900346159934998,0.10996535420417786
1710723597.0,0.35801205039024353,0.6419879794120789
1710770168.0,0.4560823142528534,0.5439176559448242
1710809874.0,0.35632970929145813,0.6436702609062195
1710860730.0,0.42916861176490784,0.5708313584327698
1710876247.0,0.2160564810037613,0.7839434742927551
1710880281.0,0.0030628603417426348,0.996937096118927
1710900741.0,0.24098773300647736,0.7590122818946838
1710979200.0,0.020891724154353142,0.9791082739830017
1711030571.0,0.4136080741882324,0.5863919258117676
1711055144.0,0.2823070287704468,0.7176929712295532
1711152000.0,0.2152923047542572,0.7847076654434204
1711208084.0,0.45309093594551086,0.5469090938568115
1711374485.0,0.23940840363502502,0.7605915665626526
1711389437.0,0.2940967082977295,0.7059032917022705
1711408122.0,0.31653136014938354,0.6834686994552612
1711585761.0,0.22665885090827942,0.7733411192893982
1711665044.0,0.010810501873493195,0.9891895055770874
1711670013.0,0.43814554810523987,0.5618544220924377
1711831108.0,0.2452181726694107,0.7547818422317505
1711907200.0,0.08758815377950668,0.9124118685722351
1711922136.0,0.19655457139015198,0.8034455180168152
1711965555.0,0.5071113705635071,0.4928886294364929
1711987096.0,0.15082627534866333,0.8491737246513367
1712016000.0,0.5176594257354736,0.48234057426452637
1712016000.0,0.4426528811454773,0.5573471784591675
1712016616.0,0.08436405658721924,0.9156359434127808
1712018850.0,0.37940481305122375,0.6205951571464539
1712022599.0,0.45299243927001953,0.5470076203346252
1712067878.0,0.24160988628864288,0.7583901286125183
1712312368.0,0.13470639288425446,0.8652936220169067
1712325802.0,0.29057031869888306,0.7094296813011169
1712448000.0,0.002538796281442046,0.997461199760437
1712448098.0,0.28416702151298523,0.7158329486846924
1712451625.0,0.4652652442455292,0.5347347855567932
1712534400.0,0.09030034393072128,0.9096996784210205
1712620800.0,0.003241081489250064,0.9967589378356934
1712765668.0,0.4001066982746124,0.5998932719230652
1712829710.0,0.31985440850257874,0.6801456212997437
1712925349.0,0.3568401634693146,0.643159806728363
1712955992.0,0.287235289812088,0.7127647399902344
1712965792.0,0.0789465457201004,0.9210534691810608
1713117445.0,0.44524991512298584,0.5547500848770142
1713139200.0,0.492868036031723,0.5071319341659546
1713225600.0,0.3440529704093933,0.6559470891952515
1713225600.0,0.20942972600460052,0.7905702590942383
1713225600.0,0.3271295130252838,0.6728705167770386
1713225600.0,0.3857053518295288,0.6142945885658264
1713357585.0,0.30524617433547974,0.6947537660598755
1713398400.0,0.13837601244449615,0.861624002456665
1713613133.0,0.47769349813461304,0.5223064422607422
1713622958.0,0.20307378470897675,0.7969262599945068
1713830452.0,0.4114537835121155,0.5885462760925293
1713916800.0,0.21062494814395905,0.7893750667572021
1713916800.0,0.37864306569099426,0.6213569641113281
1713916800.0,0.4069075882434845,0.5930923819541931
1713953845.0,0.38377535343170166,0.6162246465682983
1714142042.0,0.8541377782821655,0.14586220681667328
1714220310.0,0.19162657856941223,0.8083733916282654
1714415159.0,0.3427991569042206,0.6572008728981018
1714438756.0,0.1831638216972351,0.8168362379074097
1714653731.0,0.1831638216972351,0.8168362379074097
1714765386.0,0.21657449007034302,0.7834254503250122
1714838363.0,0.5160765051841736,0.4839235246181488
1714908882.0,0.2660348117351532,0.7339651584625244
1714999998.0,0.3754616975784302,0.6245383620262146
1715003336.0,0.22366850078105927,0.7763314843177795
1715040000.0,0.0028621486853808165,0.9971378445625305
1715040000.0,0.9872567653656006,0.012743275612592697
1715083153.0,0.4310570955276489,0.5689429044723511
1715093668.0,0.5400550365447998,0.4599449336528778
1715121677.0,0.3485119640827179,0.6514880657196045
1715123932.0,0.33800429105758667,0.6619956493377686
1715179975.0,0.3301490247249603,0.6698510050773621
1715212800.0,0.002436884446069598,0.9975630640983582
1715217408.0,0.4428035318851471,0.5571964979171753
1715278579.0,0.17851421236991882,0.8214857578277588
1715300887.0,0.6838194727897644,0.3161804974079132
1715343618.0,0.3627795875072479,0.6372203826904297
1715385445.0,0.3264777362346649,0.6735222339630127
1715625970.0,0.354018896818161,0.6459811329841614
1715694291.0,0.19883987307548523,0.8011600971221924
1715731200.0,0.3139079809188843,0.6860920190811157
1715731200.0,0.40629035234451294,0.5937096476554871
1715893160.0,0.13863277435302734,0.8613672256469727
1715895718.0,0.4824187755584717,0.5175812244415283
1715992064.0,0.3148452937602997,0.6851547360420227
1716034860.0,0.6477364897727966,0.35226356983184814
1716116851.0,0.24808479845523834,0.7519152164459229
1716124305.0,0.5882468223571777,0.4117531478404999
1716125035.0,0.6128728985786438,0.3871271014213562
1716163668.0,0.39316922426223755,0.6068307757377625
1716203523.0,0.2001468688249588,0.7998530864715576
1716231082.0,0.21278241276741028,0.7872175574302673
1716305796.0,0.285368949174881,0.7146310210227966
1716422400.0,0.28847044706344604,0.7115296125411987
1716422400.0,0.4285382628440857,0.5714617967605591
1716545676.0,0.1960083246231079,0.8039916753768921
1716554350.0,0.2881402373313904,0.7118597626686096
1716681600.0,0.3001377582550049,0.6998622417449951
1716681600.0,0.2891261875629425,0.7108737826347351
1716687158.0,0.4783579707145691,0.5216420888900757
1716742766.0,0.3737349510192871,0.6262650489807129
1716752845.0,0.3912627696990967,0.6087372899055481
1716768000.0,0.07821293920278549,0.9217870235443115
1716854400.0,0.6831109523773193,0.31688904762268066
1716854400.0,0.3847191035747528,0.6152808666229248
1716854400.0,0.35643792152404785,0.6435620784759521
1716919596.0,0.41552311182022095,0.584476888179779
1717113600.0,0.2962983250617981,0.7037016749382019
1717131733.0,0.12129633128643036,0.8787037134170532
1717326979.0,0.0029093811754137278,0.9970906376838684
1717427262.0,0.3644658029079437,0.6355341672897339
1717632000.0,0.0031450821552425623,0.9968549013137817
1717632000.0,0.24863135814666748,0.7513686418533325
1717634044.0,0.4317976236343384,0.5682024359703064
1717672204.0,0.1885635405778885,0.8114364743232727
1717718400.0,0.3456990122795105,0.6543009877204895
1717718400.0,0.2077956199645996,0.7922043204307556
1717718400.0,0.3478144109249115,0.6521856188774109
1717753092.0,0.31665748357772827,0.6833425760269165
1717760944.0,0.3771372437477112,0.622862696647644
1717762909.0,0.5230679512023926,0.4769321084022522
1717813932.0,0.3712069094181061,0.6287930011749268
1717891200.0,0.16855402290821075,0.8314459323883057
1717935078.0,0.27862197160720825,0.721377968788147
1717937827.0,0.2110481560230255,0.7889518141746521
1717979397.0,0.2657037675380707,0.7342962622642517
1718064000.0,0.3423011600971222,0.6576988697052002
1718064108.0,0.38217321038246155,0.6178268194198608
1718151057.0,0.1287848800420761,0.8712151646614075
1718191727.0,0.22554071247577667,0.7744592428207397
1718197010.0,0.2085581123828888,0.7914419174194336
1718236060.0,0.40257707238197327,0.5974228978157043
1718283213.0,0.29432883858680725,0.7056711912155151
1718289713.0,0.40095415711402893,0.5990458130836487
1718317934.0,0.39175593852996826,0.608244001865387
1718323200.0,0.31183546781539917,0.6881645321846008
1718323200.0,0.37655097246170044,0.6234490275382996
1718367728.0,0.3110946714878082,0.6889053583145142
1718409600.0,0.40121978521347046,0.5987802743911743
1718463162.0,0.40712064504623413,0.5928793549537659
1718496894.0,0.38175997138023376,0.6182400584220886
1718582400.0,0.33730632066726685,0.6626936793327332
1718582400.0,0.6954032778739929,0.3045966923236847
1718582400.0,0.4927333891391754,0.5072665810585022
1718582400.0,0.3676154315471649,0.6323845386505127
1718721889.0,0.13719820976257324,0.862801730632782
1718893932.0,0.499368816614151,0.5006311535835266
1718926096.0,0.43069988489151,0.5693001747131348
1718928000.0,0.18228259682655334,0.8177173733711243
1718928000.0,0.3057670593261719,0.6942328810691833
1718932741.0,0.4689011871814728,0.5310988426208496
1719014400.0,0.3135662078857422,0.6864337921142578
1719100800.0,0.0025078512262552977,0.9974921345710754
1719113352.0,0.13719820976257324,0.862801730632782
1719193127.0,0.4678119421005249,0.5321880578994751
1719269986.0,0.1672106683254242,0.8327893018722534
1719273600.0,0.41127172112464905,0.5887282490730286
1719360000.0,0.25769492983818054,0.7423050403594971
1719369284.0,0.3332636058330536,0.666736364364624
1719570478.0,0.3682381808757782,0.6317617893218994
1719576198.0,0.27523016929626465,0.7247698307037354
1719580109.0,0.04414239898324013,0.9558575749397278
1719792000.0,0.003696165047585964,0.9963038563728333
1719877204.0,0.32352954149246216,0.6764704585075378
1719879122.0,0.19571220874786377,0.804287850856781
1719905251.0,0.20221605896949768,0.7977839708328247
1720058583.0,0.37960100173950195,0.6203990578651428
1720137600.0,0.15940392017364502,0.840596079826355
1720138963.0,0.1904563456773758,0.8095436692237854
1720230180.0,0.38478296995162964,0.6152170896530151
1720310400.0,0.0653802677989006,0.9346197247505188
1720319772.0,0.4079119563102722,0.5920880436897278
1720320192.0,0.1811084747314453,0.8188915252685547
1720399427.0,0.3208875060081482,0.6791124939918518
1720483200.0,0.24440039694309235,0.7555996179580688
1720483200.0,0.0030077609699219465,0.9969922304153442
1720541368.0,0.2904188632965088,0.7095811367034912
1720622292.0,0.2808854281902313,0.7191146016120911
1720656000.0,0.20907604694366455,0.7909239530563354
1720685656.0,0.37502753734588623,0.6249725222587585
1720700999.0,0.505833089351654,0.49416691064834595
1720716970.0,0.6019236445426941,0.3980763256549835
1720722486.0,0.3198196589946747,0.6801803112030029
1720773836.0,0.6128728985786438,0.3871271014213562
1720828800.0,0.32363519072532654,0.6763648390769958
1720828800.0,0.2845531404018402,0.7154468297958374
1720888388.0,0.15259850025177002,0.84740149974823
1720975579.0,0.1883629709482193,0.8116369843482971
1721139977.0,0.12893559038639069,0.8710644245147705
1721174400.0,0.3212464451789856,0.6787535548210144
1721174400.0,0.4344921112060547,0.5655079483985901
1721174400.0,0.2812036871910095,0.7187963128089905
1721174400.0,0.5959344506263733,0.4040655195713043
1721260800.0,0.3768165707588196,0.6231834292411804
1721348866.0,0.27009567618370056,0.729904294013977
1721348890.0,0.29360657930374146,0.7063934206962585
1721385775.0,0.30998724699020386,0.6900126934051514
1721430383.0,0.3754035234451294,0.6245964169502258
1721437103.0,0.14142464101314545,0.8585754036903381
1721473706.0,0.34622669219970703,0.653773307800293
1721524084.0,0.25121626257896423,0.7487837672233582
1721563395.0,0.39623260498046875,0.603767454624176
1721597774.0,0.007059705909341574,0.9929403066635132
1721606400.0,0.26317712664604187,0.7368229031562805
1721607125.0,0.2903073728084564,0.7096925973892212
1721656356.0,0.24445773661136627,0.7555422782897949
1721692566.0,0.26977598667144775,0.7302240133285522
1721727105.0,0.11066155880689621,0.889338493347168
1721779200.0,0.2813675105571747,0.7186324596405029
1721818760.0,0.2731519937515259,0.7268480062484741
1721819489.0,0.2972295880317688,0.7027704119682312
1721855993.0,0.31783393025398254,0.6821660995483398
1721856550.0,0.26045694947242737,0.739543080329895
1721865600.0,0.4140481948852539,0.5859517455101013
1721900068.0,0.26839789748191833,0.731602132320404
1721914869.0,0.26073160767555237,0.7392683625221252
1721918245.0,0.19607771933078766,0.8039222955703735
1721940901.0,0.4039895832538605,0.5960103869438171
1721963290.0,0.16943447291851044,0.8305655717849731
1722012846.0,0.28208279609680176,0.7179172039031982
1722038400.0,0.25988292694091797,0.7401170134544373
1722074871.0,0.3355987071990967,0.6644012928009033
1722092191.0,0.012415222823619843,0.9875847697257996
1722114737.0,0.24476979672908783,0.7552301287651062
1722172567.0,0.3999779522418976,0.60002201795578
1722174342.0,0.3251621723175049,0.6748377680778503
1722178738.0,0.33267447352409363,0.667325496673584
1722252080.0,0.31344056129455566,0.6865594387054443
1722267857.0,0.25596633553504944,0.7440336346626282
1722283270.0,0.16563110053539276,0.8343689441680908
1722355831.0,0.3281329274177551,0.6718670725822449
1722384000.0,0.11603032797574997,0.8839696645736694
1722387558.0,0.33024847507476807,0.6697515845298767
1722387748.0,0.4078313410282135,0.5921686887741089
1722432838.0,0.3233224153518677,0.6766775846481323
1722470400.0,0.3711618185043335,0.6288381814956665
1722519219.0,0.12888357043266296,0.8711164593696594
1722556800.0,0.8038057088851929,0.1961943358182907
1722564378.0,0.2176932990550995,0.7823067307472229
1722816000.0,0.24056680500507355,0.7594332098960876
1722816000.0,0.5918907523155212,0.40810924768447876
1722860043.0,0.2822152376174927,0.7177847623825073
1722902400.0,0.7728114724159241,0.22718854248523712
1722902400.0,0.004486435558646917,0.9955135583877563
1722902400.0,0.29203855991363525,0.7079614996910095
1722935898.0,0.05162803828716278,0.948371946811676
1722993395.0,0.39492908120155334,0.605070948600769
1723038177.0,0.26481759548187256,0.7351824045181274
1723073575.0,0.06899986416101456,0.9310001134872437
1723146977.0,0.4580567181110382,0.5419432520866394
1723162400.0,0.2921268939971924,0.7078730463981628
1723208527.0,0.04952481761574745,0.9504751563072205
1723285710.0,0.2763322591781616,0.7236677408218384
1723334400.0,0.3198098838329315,0.6801901459693909
1723387064.0,0.223798006772995,0.7762019634246826
1723395466.0,0.005559815559536219,0.9944401383399963
1723421187.0,0.3705407977104187,0.6294592022895813
1723465820.0,0.03394915908575058,0.9660508632659912
1723466591.0,0.49274176359176636,0.5072582960128784
1723493120.0,0.15060292184352875,0.8493970632553101
1723542294.0,0.33032113313674927,0.669678807258606
1723549409.0,0.09886003285646439,0.9011399149894714
1723552812.0,0.2859915792942047,0.7140084505081177
1723657137.0,0.35082337260246277,0.6491766571998596
1723677739.0,0.20190441608428955,0.7980955839157104
1723852929.0,0.02932901307940483,0.9706709980964661
1723924119.0,0.40048372745513916,0.5995163321495056
1724025600.0,0.3480968177318573,0.6519031524658203
1724025600.0,0.16436849534511566,0.8356314301490784
1724028285.0,0.34693801403045654,0.6530619859695435
1724091459.0,0.366950124502182,0.6330499053001404
1724112000.0,0.23215703666210175,0.7678430080413818
1724117852.0,0.2395317107439041,0.7604683041572571
1724457600.0,0.37776684761047363,0.6222332119941711
1724495369.0,0.4243355691432953,0.5756644010543823
1724500777.0,0.44966378808021545,0.5503362417221069
1724608777.0,0.3129267990589142,0.6870731711387634
1724803200.0,0.38247156143188477,0.6175284385681152
1724875545.0,0.21153117716312408,0.7884687781333923
1724881132.0,0.31908342242240906,0.6809165477752686
1724882644.0,0.18621276319026947,0.8137872219085693
1724889600.0,0.312066912651062,0.687933087348938
1724889600.0,0.3381972014904022,0.6618028283119202
1724889600.0,0.2828492820262909,0.7171506881713867
1725038334.0,0.3292449414730072,0.6707550883293152
1725056762.0,0.2676428258419037,0.7323571443557739
1725157991.0,0.328579843044281,0.6714200973510742
1725231880.0,0.3202478587627411,0.6797521114349365
1725235200.0,0.42766910791397095,0.572330892086029
1725319559.0,0.35086432099342346,0.6491356492042542
1725341212.0,0.35509076714515686,0.6449092626571655
1725358576.0,0.16314993798732758,0.8368500471115112
1725408000.0,0.3125620484352112,0.687437891960144
1725408000.0,0.7680919170379639,0.23190806806087494
1725408000.0,0.30958428978919983,0.6904156804084778
1725494400.0,0.3365093767642975,0.6634906530380249
1725704700.0,0.3487662971019745,0.6512337327003479
1725715416.0,0.3392639756202698,0.6607360243797302
1725789316.0,0.23460884392261505,0.7653911113739014
1725819293.0,0.19754813611507416,0.8024518489837646
1725840000.0,0.4540195167064667,0.5459804534912109
1725840000.0,0.23675017058849335,0.7632498145103455
1725926400.0,0.005445381626486778,0.9945546388626099
1726010176.0,0.37121933698654175,0.6287806630134583
1726012800.0,0.22855877876281738,0.7714412212371826
1726012800.0,0.2419232875108719,0.7580767273902893
1726143658.0,0.306923508644104,0.6930764317512512
1726201461.0,0.2907383441925049,0.7092616558074951
1726263139.0,0.034835606813430786,0.9651643633842468
1726310302.0,0.18399222195148468,0.8160077333450317
1726358400.0,0.22385148704051971,0.7761485576629639
1726408084.0,0.39285823702812195,0.6071417331695557
1726509266.0,0.43370527029037476,0.5662947297096252
1726520291.0,0.22748368978500366,0.7725163102149963
1726617600.0,0.004476184491068125,0.9955238103866577
1726790835.0,0.2986814081668854,0.7013185620307922
1726876800.0,0.4346494674682617,0.5653505325317383
1726943718.0,0.9575731754302979,0.04242680221796036
1727030720.0,0.1382858008146286,0.8617141842842102
1727051754.0,0.4120635688304901,0.5879364013671875
1727112411.0,0.45955389738082886,0.5404461026191711
1727112821.0,0.3618119955062866,0.6381880044937134
1727177495.0,0.429137647151947,0.570862352848053
1727197117.0,0.2746410667896271,0.7253589630126953
1727224178.0,0.2181091457605362,0.781890869140625
1727271975.0,0.03186674788594246,0.968133270740509
1727301670.0,0.9827128648757935,0.017287112772464752
1727355208.0,0.25370362401008606,0.7462963461875916
1727395200.0,0.0026016582269221544,0.997398316860199
1727397505.0,0.300179123878479,0.699820876121521
1727459902.0,0.3049912452697754,0.6950087547302246
1727490897.0,0.4421553909778595,0.5578445792198181
1727555992.0,0.14724944531917572,0.8527505397796631
1727657773.0,0.4195561408996582,0.5804438591003418
1727661624.0,0.4121139943599701,0.5878859758377075
1727829841.0,0.16304686665534973,0.8369531631469727
1727908233.0,0.2232201248407364,0.77677983045578
1727968896.0,0.45882999897003174,0.5411699414253235
1728000000.0,0.27337563037872314,0.7266243696212769
1728086668.0,0.3828507959842682,0.6171492338180542
1728175434.0,0.3543798327445984,0.6456202268600464
1728261025.0,0.28358176350593567,0.7164182066917419
1728267547.0,0.5062540173530579,0.49374598264694214
1728347299.0,0.8454248309135437,0.1545751839876175
1728385896.0,0.28275227546691895,0.717247724533081
1728523017.0,0.4482094347476959,0.5517905950546265
1728604800.0,0.39186206459999084,0.6081379055976868
1728604800.0,0.14517146348953247,0.8548285961151123
1728614918.0,0.3821561634540558,0.6178438067436218
1728651610.0,0.18141181766986847,0.8185881972312927
1728682728.0,0.3491976857185364,0.6508023142814636
1728691200.0,0.2823120653629303,0.7176879644393921
1728691200.0,0.002514138352125883,0.997485876083374
1728691200.0,0.0027770844753831625,0.997222900390625
1728743492.0,0.21037153899669647,0.7896284461021423
1728771251.0,0.002789581660181284,0.9972104430198669
1728777600.0,0.3509052097797394,0.6490947604179382
1728815829.0,0.018599983304739,0.9814000129699707
1728864000.0,0.2060665488243103,0.7939334511756897
1728950400.0,0.33436575531959534,0.665634274482727
1728950400.0,0.31013768911361694,0.6898623108863831
1728950400.0,0.6837631464004517,0.31623682379722595
1728950400.0,0.4667570888996124,0.53324294090271
1729121206.0,0.2283153086900711,0.7716847062110901
1729296000.0,0.3971242606639862,0.6028756499290466
1729322809.0,0.410524845123291,0.589475154876709
1729431166.0,0.33600208163261414,0.6639978885650635
1729459841.0,0.22347824275493622,0.7765217423439026
1729468800.0,0.4775443375110626,0.5224556922912598
1729468800.0,0.23630090057849884,0.7636991143226624
1729468800.0,0.30094170570373535,0.6990582942962646
1729468800.0,0.29913538694381714,0.7008646130561829
1729641600.0,0.2650003135204315,0.7349996566772461
1729714850.0,0.2780773937702179,0.7219226360321045
1729728000.0,0.22978298366069794,0.7702170610427856
1729900400.0,0.1871679276227951,0.8128320574760437
1729900800.0,0.2850368618965149,0.7149630784988403
1729905984.0,0.06485934555530548,0.9351406097412109
1729991671.0,0.3106238842010498,0.6893760561943054
1730073600.0,0.12895645201206207,0.8710435032844543
1730246400.0,0.2150030881166458,0.7849969267845154
1730246400.0,0.3834570646286011,0.6165429949760437
1730295889.0,0.4878979027271271,0.5121021270751953
1730385854.0,0.4134998619556427,0.5865001678466797
1730419200.0,0.08554252982139587,0.9144574999809265
1730592000.0,0.3229599595069885,0.6770399808883667
1730686249.0,0.2008112221956253,0.7991887927055359
1730748727.0,0.3780025243759155,0.6219974756240845
1730764800.0,0.4695514440536499,0.5304485559463501
1730851200.0,0.22594569623470306,0.7740542888641357
1730914843.0,0.24571336805820465,0.7542865872383118
1730991366.0,0.4285837709903717,0.5714161992073059
1731013965.0,0.49706974625587463,0.5029302835464478
1731407198.0,0.388110488653183,0.6118894815444946
1731427616.0,0.39591726660728455,0.6040827035903931
1731456000.0,0.387622207403183,0.6123777627944946
1731497475.0,0.24823108315467834,0.7517688870429993
1731498552.0,0.30530470609664917,0.6946952939033508
1731582757.0,0.3404581844806671,0.6595417857170105
1731628800.0,0.10480789095163345,0.8951920866966248
1731628800.0,0.2604595124721527,0.7395404577255249
1731749770.0,0.36026883125305176,0.6397311687469482
1731776807.0,0.36346447467803955,0.6365355253219604
1731801199.0,0.4259805381298065,0.5740194916725159
1731849735.0,0.2906886041164398,0.7093114256858826
1731856001.0,0.38444164395332336,0.6155583262443542
1731888000.0,0.1182866320014,0.881713330745697
1731888000.0,0.2580564618110657,0.7419435977935791
1731888000.0,0.22752250730991364,0.7724775075912476
1731888000.0,0.38996076583862305,0.6100391745567322
1731939200.0,0.3718748986721039,0.6281251311302185
1732020009.0,0.3600829839706421,0.6399170756340027
1732141554.0,0.3320275545120239,0.6679725050926208
1732188532.0,0.3741549253463745,0.6258450150489807
1732273700.0,0.4396895170211792,0.560310423374176
1732330091.0,0.24932371079921722,0.7506762742996216
1732378310.0,0.5415672063827515,0.45843279361724854
1732539404.0,0.2700587213039398,0.7299413084983826
1732588388.0,0.1043989434838295,0.8956010937690735
1732621591.0,0.11279142647981644,0.8872085809707642
1732638801.0,0.005578359588980675,0.9944216012954712
1732665600.0,0.0066991872154176235,0.9933007955551147
1732818955.0,0.2386159747838974,0.7613840699195862
1732819560.0,0.686901867389679,0.31309807300567627
1732838400.0,0.3633260726928711,0.6366739273071289
1732840731.0,0.45169955492019653,0.5483005046844482
1732884896.0,0.37198784947395325,0.6280121803283691
1732912535.0,0.3374541699886322,0.6625458598136902
1732962434.0,0.2444712370634079,0.7555287480354309
1733097600.0,0.45596927404403687,0.5440307259559631
1733099144.0,0.14253604412078857,0.8574638962745667
1733102187.0,0.3207782208919525,0.6792217493057251
1733102624.0,0.36426636576652527,0.6357336640357971
1733139755.0,0.7269659042358398,0.27303406596183777
1733184000.0,0.28102853894233704,0.7189714312553406
1733184315.0,0.3672572076320648,0.6327427625656128
1733190773.0,0.2105536311864853,0.7894463539123535
1733623401.0,0.48461830615997314,0.5153816938400269
1733702400.0,0.10580213367938995,0.8941978812217712
1733702400.0,0.3019864559173584,0.6980136036872864
1733702400.0,0.40842366218566895,0.591576337814331
1733702400.0,0.22323165833950043,0.7767683267593384
1733753659.0,0.4174670875072479,0.5825328826904297
1733788800.0,0.3903706669807434,0.6096293926239014
1733834958.0,0.840592622756958,0.159407377243042
1733992398.0,0.27675092220306396,0.723249077796936
1734010208.0,0.832341730594635,0.1676582396030426
1734187991.0,0.30798912048339844,0.6920108795166016
1734200648.0,0.004409307148307562,0.9955906867980957
1734307200.0,0.2727501392364502,0.727249801158905
1734311761.0,0.4600299000740051,0.5399700999259949
1734460344.0,0.007285000756382942,0.9927150011062622
1734536511.0,0.23569785058498383,0.7643021941184998
1734555367.0,0.3518235385417938,0.6481764316558838
1734742415.0,0.2426997274160385,0.7573003172874451
1734777471.0,0.4508506655693054,0.5491493344306946
1734790385.0,0.05177837982773781,0.9482215642929077
1734802185.0,0.23537448048591614,0.7646254897117615
1734912000.0,0.25862231850624084,0.7413776516914368
1734958683.0,0.23214393854141235,0.7678560018539429
1734963759.0,0.3634814918041229,0.6365185379981995
1734998400.0,0.07978589087724686,0.9202141165733337
1735036064.0,0.14756523072719574,0.8524348139762878
1735043156.0,0.2866816222667694,0.7133183479309082
1735171200.0,0.2785097360610962,0.7214902639389038
1735392902.0,0.2835671901702881,0.7164328098297119
1735516800.0,0.36532509326934814,0.6346748471260071
1735603200.0,0.006408419460058212,0.9935916066169739
1735606882.0,0.2031923532485962,0.7968076467514038
1735736992.0,0.22100530564785004,0.7789946794509888
1735769243.0,0.2773686349391937,0.7226313948631287
1735833450.0,0.4005645513534546,0.5994353890419006
1735862400.0,0.39192190766334534,0.608078122138977
1735862400.0,0.3626440167427063,0.6373560428619385
1735894602.0,0.5438442230224609,0.45615577697753906
1735915310.0,0.3376353681087494,0.6623646020889282
1735948800.0,0.1960861086845398,0.8039138913154602
1735948800.0,0.006411449983716011,0.9935885071754456
1736035200.0,0.2830274999141693,0.7169725298881531
1736077485.0,0.2316080629825592,0.7683919072151184
1736088176.0,0.3689567744731903,0.6310431957244873
1736121600.0,0.07495848834514618,0.9250414967536926
1736121600.0,0.3665636479854584,0.6334364414215088
1736164701.0,0.06811673194169998,0.9318833351135254
1736380902.0,0.177170991897583,0.8228290677070618
1736419689.0,0.011044408194720745,0.9889556169509888
1736423834.0,0.0057573034428060055,0.9942427277565002
1736428118.0,0.27316129207611084,0.7268387079238892
1736453881.0,0.3037954568862915,0.6962045431137085
1736467200.0,0.3215174973011017,0.6784824728965759
1736514849.0,0.35518500208854675,0.6448149681091309
1736553600.0,0.40623724460601807,0.5937627553939819
1736554758.0,0.0939091145992279,0.9060908555984497
1736640000.0,0.00484896544367075,0.9951509833335876
1736689012.0,0.1002969741821289,0.8997029662132263
1736726400.0,0.3948686420917511,0.6051313281059265
1736726400.0,0.675595223903656,0.324404776096344
1736726400.0,0.5745906829833984,0.42540931701660156
1736774238.0,0.2929811179637909,0.7070189118385315
1736792075.0,0.3610650300979614,0.6389350295066833
1736801016.0,0.2804543375968933,0.7195456624031067
1736802994.0,0.3996998369693756,0.6003000736236572
1736805610.0,0.3478243052959442,0.6521756649017334
1736812800.0,0.3442756235599518,0.6557244062423706
1736813662.0,0.1389256715774536,0.8610742688179016
1736899200.0,0.3127492666244507,0.6872507333755493
1736944196.0,0.3169795274734497,0.6830204725265503
1736946678.0,0.5090044140815735,0.4909956455230713
1736985600.0,0.5344879031181335,0.46551206707954407
1737071658.0,0.2613828480243683,0.7386171817779541
1737072000.0,0.3702387511730194,0.6297612190246582
1737072000.0,0.2918162941932678,0.7081837058067322
1737072766.0,0.31751537322998047,0.6824846863746643
1737084028.0,0.43884003162384033,0.5611599683761597
1737201797.0,0.13927705585956573,0.8607229590415955
1737211017.0,0.26533177495002747,0.7346681952476501
1737213632.0,0.4234738051891327,0.5765261650085449
1737237846.0,0.20953035354614258,0.7904695868492126
1737291831.0,0.38550177216529846,0.6144982576370239
1737331200.0,0.26547789573669434,0.7345221042633057
1737331200.0,0.2927541732788086,0.7072458267211914
1737331200.0,0.39822471141815186,0.6017752885818481
1737421738.0,0.5338116884231567,0.46618831157684326
1737457744.0,0.037427496165037155,0.9625725150108337
1737553141.0,0.0031833145767450333,0.9968166947364807
1737600837.0,0.07044509053230286,0.9295548796653748
1737676800.0,0.13797123730182648,0.8620287775993347
1737685351.0,0.34175434708595276,0.6582456827163696
1737768202.0,0.34094977378845215,0.6590502262115479
1737852158.0,0.22767135500907898,0.7723286747932434
1737936000.0,0.2898639738559723,0.7101359963417053
1738022400.0,0.0024609179235994816,0.9975390434265137
1738186888.0,0.23676471412181854,0.7632352709770203
1738195200.0,0.1002969741821289,0.8997029662132263
1738195200.0,0.3194586932659149,0.6805412769317627
1738236934.0,0.36697739362716675,0.6330226063728333
1738239019.0,0.28423547744750977,0.7157645225524902
1738282929.0,0.12136061489582062,0.8786394000053406
1738284289.0,0.3996478021144867,0.6003522276878357
1738368000.0,0.007552653551101685,0.9924473762512207
1738372791.0,0.1953222155570984,0.8046777844429016
1738465001.0,0.4476929008960724,0.55230712890625
1738523376.0,0.26951974630355835,0.7304801940917969
1738535368.0,0.3211132287979126,0.6788867712020874
1738540800.0,0.3068768382072449,0.6931231021881104
1738627200.0,0.12927965819835663,0.8707203269004822
1738636470.0,0.25176212191581726,0.7482377886772156
1738668045.0,0.36596351861953735,0.6340364813804626
1738800000.0,0.27633804082870483,0.7236619591712952
1738841698.0,0.339433878660202,0.6605661511421204
1738866827.0,0.3390880525112152,0.6609119176864624
1738972800.0,0.12124809622764587,0.8787519335746765
1739113146.0,0.0036859766114503145,0.9963139891624451
1739318400.0,0.42660439014434814,0.5733956098556519
1739526155.0,0.444497287273407,0.555502712726593
1739577600.0,0.1696762591600418,0.8303237557411194
1739672752.0,0.6592106819152832,0.3407893478870392
1739676540.0,0.5286709070205688,0.47132912278175354
1739750400.0,0.3380201458930969,0.6619798541069031
1739823972.0,0.18478314578533173,0.8152168393135071
1739826768.0,0.14994455873966217,0.850055456161499
1739827830.0,0.44652241468429565,0.5534775853157043
1739836800.0,0.14983198046684265,0.8501680493354797
1739849628.0,0.03664641082286835,0.9633536338806152
1739863353.0,0.16411931812763214,0.835880696773529
1739923200.0,0.3238255977630615,0.6761743426322937
1739974655.0,0.39103445410728455,0.6089655160903931
1740014988.0,0.4461023211479187,0.5538976788520813
1740022308.0,0.441087931394577,0.5589120984077454
1740096000.0,0.005174361169338226,0.9948256611824036
1740098076.0,0.38190406560897827,0.6180959343910217
1740145924.0,0.06907603144645691,0.9309239983558655
1740182400.0,0.4030117690563202,0.5969882607460022
1740246768.0,0.12551569938659668,0.8744842410087585
1740336869.0,0.004173154477030039,0.9958269000053406
1740355200.0,0.0076792058534920216,0.9923208355903625
1740355200.0,0.373371422290802,0.6266285181045532
1740359051.0,0.27453434467315674,0.725465714931488
1740836254.0,0.47539106011390686,0.5246089100837708
1741182330.0,0.2649476230144501,0.7350524067878723
1741190457.0,0.3805362284183502,0.6194637417793274
1741215711.0,0.23710541427135468,0.7628945708274841
1741219200.0,0.0053602904081344604,0.9946397542953491
1741219200.0,0.8803834319114685,0.1196165606379509
1741219200.0,0.008633233606815338,0.9913668036460876
1741392000.0,0.0035245970357209444,0.9964753985404968
1741564800.0,0.37662819027900696,0.6233718395233154
1741651200.0,0.2120363414287567,0.7879636287689209
1742169600.0,0.2939053773880005,0.7060946226119995
1742169600.0,0.3850013315677643,0.6149986982345581
1742170901.0,0.062243614345788956,0.937756359577179
1742245745.0,0.30971476435661316,0.6902852058410645
1742256000.0,0.8713549971580505,0.12864503264427185
1742256000.0,0.22160984575748444,0.7783901691436768
1742259027.0,0.20459851622581482,0.7954015135765076
1742388375.0,0.3526283800601959,0.6473716497421265
1742439268.0,0.2432689666748047,0.7567310333251953
1742517690.0,0.24695762991905212,0.7530423402786255
1742530785.0,0.3916204869747162,0.6083795428276062
1742534399.0,0.2302856147289276,0.76971435546875
1742651611.0,0.4068014323711395,0.5931985974311829
1742726169.0,0.344356507062912,0.6556434631347656
1742755502.0,0.42693498730659485,0.5730649828910828
1742761807.0,0.35997912287712097,0.6400208473205566
1742860800.0,0.49522870779037476,0.5047712922096252
1742860800.0,0.3551364839076996,0.6448635458946228
1742870984.0,0.2880871295928955,0.7119129300117493
1742871139.0,0.36564868688583374,0.6343513131141663
1742916179.0,0.785301685333252,0.21469832956790924
1742917163.0,0.3000151515007019,0.6999847888946533
1742922806.0,0.4070955216884613,0.5929044485092163
1743015315.0,0.1309736967086792,0.8690263032913208
1743017206.0,0.1577051728963852,0.8422948122024536
1743340114.0,0.12943343818187714,0.8705665469169617
1743367969.0,0.005942061077803373,0.9940579533576965
1743379200.0,0.25486448407173157,0.745135486125946
1743422498.0,0.10457202792167664,0.895427942276001
1743438398.0,0.0036278057377785444,0.9963722229003906
