window_index,split,n_samples,t_window,M_r0_c0,M_r0_c1,M_r0_c2,M_r1_c0,M_r1_c1,M_r1_c2,M_r2_c0,M_r2_c1,M_r2_c2,score_mean_-1,score_mean_0,score_mean_1
0,val,144,1453766400.0,0.3333333333333333,0.3333333333333333,0.3333333333333333,0.3333333333333333,0.3333333333333333,0.3333333333333333,0.3333333333333333,0.3333333333333333,0.3333333333333333,0.3333333333333333,0.3333333333333333,0.3333333333333333
1,val,144,1453852800.0,0.35312966397810264,0.3351039218484709,0.31176641417342643,0.32286589344325733,0.3399805104320402,0.33715359612470247,0.3147508037466001,0.3429979305755509,0.34225126567784897,0.3302487870559867,0.3393607876186873,0.330390425325326
2,val,144,1453939200.0,0.3731387996392924,0.33601682890166984,0.29084437145903774,0.31256929544755035,0.34658520302749846,0.34084550152495113,0.29674284945042984,0.3523948611862542,0.35086228936331604,0.32748364817909087,0.3449989643718075,0.3275173874491016
3,val,144,1454025600.0,0.39328264742187696,0.3360784866679828,0.2706388659101402,0.30245071884999764,0.35314265359941305,0.3444066275505894,0.27934494679555194,0.36150538889865574,0.3591496643057924,0.32502610435580886,0.3502421763886838,0.3247317192555073
4,val,144,1454112000.0,0.4134838917135979,0.3353048481008757,0.2512112601855265,0.29251671090542086,0.35964836328877403,0.3478349258058051,0.26258598042191594,0.3703140102727405,0.36710000930534364,0.3228621943469782,0.3550890738874634,0.3220487317655584
5,val,144,1454198400.0,0.4336672291021226,0.33372070481817157,0.23261206607970591,0.2827731814659909,0.3660981012784423,0.3511287172555669,0.2464883349981899,0.37880842654070696,0.37470323846110304,0.3209762485221011,0.35954241087910693,0.31948134059879196
6,val,144,1454284800.0,0.4537604792082661,0.33135881182926386,0.21488070896247008,0.27322540200416134,0.37248791210514953,0.35428668589068907,0.2310681028488472,0.3869794568302015,0.38195244032095127,0.31935132802042493,0.3636087269215383,0.3170399450580368
7,val,144,1454371200.0,0.4736955416169205,0.32825886465585513,0.19804559372722427,0.263878008611699,0.37881412094341543,0.3573078704448856,0.2163353901807087,0.39482090103312234,0.3888437087861689,0.3179696468031094,0.36729796221079763,0.3147323909860929
8,val,144,1454457600.0,0.49340917900433034,0.3244663772381736,0.1821244437574961,0.25473500874052746,0.38507333692270784,0.3601916543367646,0.20229470330060034,0.4023293613290085,0.395375935370391,0.3168129636818194,0.37062302516329665,0.3125640111548839
9,val,144,1454544000.0,0.5128436165773049,0.3200315086858138,0.16712487473688123,0.24579979142300615,0.391262454557718,0.36293775401927586,0.1889453958807161,0.40950403162234716,0.40155057249693676,0.31586293462700904,0.3735993316219597,0.3105377337510313
10,val,144,1454630400.0,0.5319469573170422,0.3150078838489217,0.15304515883403616,0.23707514068691102,0.39737865338771683,0.3655462059253722,0.17628215884362577,0.4163464639752543,0.40737137718112,0.315101418949193,0.3762443337372976,0.30865424731350943
11,val,144,1454716800.0,0.550673420680001,0.30945144745166475,0.13987513186833436,0.22856325186372273,0.4034193959345229,0.36801735220175436,0.16429553563937535,0.4228603205898973,0.4128441437707274,0.314510736061033,0.378577054658695,0.306912209280272
12,val,144,1454803200.0,0.5689834189681281,0.3034193848341276,0.1275971961977444,0.22026575047767882,0.4093824240995953,0.37035182542272577,0.152972447395123,0.42905111910498256,0.41797643349989444,0.31407387228031,0.3806176426795685,0.30530848504012154
13,val,144,1454889600.0,0.5868434903565305,0.2969691348831337,0.1161873747603358,0.2121837133971517,0.41526575412920874,0.3725505324736396,0.1422967144585281,0.43492597800347305,0.4227773075379989,0.3137746394040701,0.38238695567193853,0.30383840492399145
14,val,144,1454976000.0,0.6042261105526759,0.2901575131250157,0.10561637632230832,0.20431769192889981,0.42106767028264047,0.3746146377884597,0.13224956306968125,0.440493367863805,0.4272570690665137,0.3135977885170857,0.38390618375715374,0.30249602772576056
15,test,144,1455062400.0,0.6211094063943846,0.2830399557213061,0.09585063788430938,0.19666773653919148,0.4267867173419266,0.37654554611888197,0.12281010814537303,0.4457628730931177,0.43142701876150935,0.31352908369298305,0.38519651538545013,0.3012744009215669
16,test,144,1455148800.0,0.6374767946105632,0.27566988863424163,0.08685331675519528,0.18923342289323636,0.4324216921031785,0.3783448850035852,0.11395580533343631,0.45074496771440486,0.43529922695215895,0.3135553409457453,0.3862788494839417,0.30016580957031314
17,test,144,1455235200.0,0.6533165677607717,0.2680982207566565,0.0785852114825718,0.1820138789152766,0.4379716339888886,0.38001448709583485,0.10566286751123018,0.4554508077824968,0.4388863247062731,0.31366443806242617,0.38717355417601396,0.29916200776155993
18,test,144,1455321600.0,0.6686214473461636,0.26037295544663386,0.0710055972072026,0.17500781258555967,0.44343581491828943,0.38155637249615093,0.09790664270520834,0.4598920421057049,0.4422013151890868,0.31384530087897716,0.38790027082354267,0.2982544282974801
19,test,144,1455408000.0,0.6833881215404047,0.2525389116813772,0.06407296677821801,0.1682135402067153,0.44881372856889395,0.3829727312243907,0.09066195196584066,0.4640806421683624,0.445257405865797,0.3140878712376536,0.38847776080621116,0.29743436795613526
20,test,144,1455494400.0,0.6976167821855558,0.24463754387714137,0.0577456739373028,0.16162901489027323,0.45410507915705833,0.3842659059526685,0.08390338703171166,0.46802875149194717,0.4480678614763412,0.3143830613691802,0.38892379150871564,0.29669314712210415
21,test,144,1455580800.0,0.7113106728486545,0.23670684818904106,0.05198247896230447,0.1552518550336943,0.45930976985899835,0.3854383751073074,0.07760556866182008,0.4717485541386393,0.4506458771995407,0.3147226988480563,0.38925505739555954,0.2960222437563842
22,test,144,1455667200.0,0.7244756570030662,0.22878134265274755,0.04674300034418638,0.1490793725788802,0.4644278909863863,0.3864927364347336,0.07174336732080942,0.47525216164482137,0.4530044710343692,0.3150994656342519,0.38948713176131844,0.2954134026044297
23,test,144,1455753600.0,0.7371198128983015,0.22089210869616133,0.0419880784055372,0.14310860086425206,0.46945970802265474,0.3874316911130932,0.06629208849061072,0.4785515173629319,0.4551563941464575,0.3155068340843881,0.38963444469391595,0.294858721221696
24,test,144,1455840000.0,0.7492530594826688,0.21306688217461942,0.037680058342711764,0.13733632190375988,0.4744056496176578,0.3882580284785823,0.06122762528073403,0.48165831697557365,0.4571140577436923,0.3159390022223876,0.38971028292261695,0.2943507148549955
25,test,144,1455926400.0,0.7608868158779686,0.2053301830243656,0.033783001097665945,0.13175909294726582,0.47926629562955136,0.3889746114231829,0.05652658124698614,0.48458394381212416,0.4588894749408897,0.31639083002407353,0.3897268074886804,0.2938823624872462
26,test,144,1456012800.0,0.7720336953792494,0.19770347376269207,0.03026283085805862,0.12637327219733663,0.484042365293837,0.3895843625088264,0.052166366433336726,0.48733941753144366,0.46049421603521973,0.31685777800330756,0.38969508552932425,0.29344713646736825
27,test,144,1456099200.0,0.7827072337497986,0.19020533828896602,0.027087427961235453,0.1211750435773429,0.48873470559060334,0.3900902508320538,0.04812526965105806,0.4899353547214422,0.4619393756274998,0.3173358489927331,0.3896251328670038,0.293039018140263
28,test,144,1456185600.0,0.7929216506730037,0.18285167368096558,0.02422667564603071,0.11616044046468738,0.49334427987223184,0.3904952796630808,0.04438250992769482,0.49238193999515,0.46323555007715533,0.31782153368846194,0.38952596451611576,0.2926525017954223
29,test,144,1456272000.0,0.8026916425719328,0.17565588887866118,0.021652468549405928,0.1113253683208179,0.4978721568053151,0.39080247487386705,0.04091826991747575,0.4946889062228476,0.46439282385967656,0.31831176027007546,0.389405650635608,0.29228258909431654
30,test,144,1456358400.0,0.8120322045747745,0.1686291052639945,0.019338690161231045,0.1066656261662958,0.502319499672356,0.3910148741613482,0.0377137138828724,0.4968655226215694,0.4654207634955583,0.31880384820798086,0.3892713758526399,0.29192477593937916
31,test,144,1456444800.0,0.8209584791502897,0.1617803551564595,0.017261165693250702,0.10217692686451504,0.5066875560710525,0.3911355170644325,0.03475099264941171,0.4989205895192143,0.46632841783137396,0.31929546622140553,0.3891295002489088,0.2915750335296857
32,test,144,1456531200.0,0.8294856288252079,0.15511677513832534,0.015397596036466692,0.09785491619164369,0.5109776480416688,0.3911674357666876,0.03201323771488136,0.5008624387143686,0.46712432357074996,0.319784594243911,0.3889856206314543,0.29122978512463477
33,test,144,1456617600.0,0.8376287303919097,0.14864379189696977,0.013727477711120638,0.09369519068297025,0.5151911626462088,0.391113646670821,0.029484546469366442,0.502698938459817,0.4678165150708166,0.32026948918141546,0.3888446310009985,0.2908858798175861
34,test,144,1456704000.0,0.8454026880911032,0.14236529892819413,0.012232012980702625,0.08969331425709105,0.5193295430168472,0.3909771427260617,0.027149960261437574,0.5044375022038479,0.46841253753471457,0.3207486542032106,0.38871078138296306,0.2905405644138263
35,test,144,1456790400.0,0.8528221633864406,0.13628382299095884,0.010894013622600621,0.08584483362929039,0.5233942798853666,0.390760886485343,0.02499543683357662,0.5060851003260582,0.4689194628403652,0.32122081128310254,0.3885877344007946,0.29019145431610294
36,test,144,1456876800.0,0.8599015191165164,0.13040067965068824,0.00969780123279537,0.0821452925340951,0.5273869036001924,0.3904678038657125,0.023007818450242704,0.5076482742014743,0.469343907348283,0.3216848767002847,0.38847861915078497,0.2898365041489303
37,test,144,1456963200.0,0.8666547759989249,0.12471611760638877,0.008629106394686304,0.07859024478437891,0.5313089766330062,0.39010077858261477,0.021174796857158718,0.5091331520171789,0.4696920511256624,0.32213993921348755,0.38838608208552466,0.28947397870098784
38,test,144,1457049600.0,0.8730955796590345,0.11922945177789568,0.007674968563069799,0.07517526620062552,0.5351620865728395,0.38966264722653493,0.019484876041700922,0.5105454658485089,0.4699696581097902,0.32258524063378696,0.3883123347330814,0.2891024246331317
39,test,144,1457136000.0,0.8792371765540131,0.11393918534490663,0.006823638101080193,0.07189596544910333,0.5389478396019808,0.3891561949489159,0.017927333612143145,0.5118905695769571,0.4701820968108998,0.32302015853841987,0.38825919817461485,0.2887206432869653
40,test,144,1457222400.0,0.8850923973540324,0.10884312108962908,0.006064481556338564,0.06874799383184448,0.542667854444956,0.3885841517231995,0.01649218147778085,0.5131734572991694,0.4703343612230498,0.32344419088788595,0.38822814427791813,0.2883276648341959
41,test,144,1457308800.0,0.8906736465231905,0.10393846250946787,0.0053878909673417625,0.06572705407454058,0.5463237567792181,0.3879491891462414,0.015170126392043364,0.5143987819360907,0.470431091671866,0.32385694232992485,0.3882203337415922,0.287922723928483
42,test,144,1457395200.0,0.8959928970098567,0.09922190524370082,0.004785197746442537,0.06282890816084963,0.5499171740939954,0.3872539177451549,0.013952530815698175,0.5155708738037681,0.4704765953805337,0.3242581119954682,0.3882366510471548,0.28750523695737706
43,test,144,1457481600.0,0.9010616891083946,0.09468971940593547,0.004248591485669886,0.060049384263244666,0.553449730981956,0.3865008847547994,0.012831374466082799,0.5166937589530484,0.4704748665808688,0.32464748261257403,0.38827773644698,0.287074780940446
44,test,144,1457568000.0,0.9058911326910695,0.09033782343861739,0.003771043870313222,0.05738438282149918,0.5569230448469144,0.38569257233158644,0.011799216839783168,0.5177711771249488,0.4704296060352681,0.32502491078411727,0.38834401513682687,0.2866310740790559
45,test,144,1457654400.0,0.9104919121305464,0.0861618501122816,0.00334623775717212,0.05482988182028603,0.5603387220097125,0.3848313961700015,0.010849160929097896,0.5188065992024157,0.47034423986848645,0.3253903182933101,0.38843572377480323,0.2861739579318867
46,test,144,1457740800.0,0.9148742933403575,0.08215720528501923,0.002968501374623288,0.05238194131723492,0.5636983541936003,0.3839197044891649,0.009974818295776625,0.5198032440680735,0.4702219376361498,0.3257436843177897,0.38855293451556433,0.285703381166646
47,test,144,1457827200.0,0.9190481324539916,0.07831912002036537,0.0026327475256430694,0.05003670727222292,0.5670035153699116,0.3829597773578655,0.009170275617734508,0.5207640948019703,0.47006562958029524,0.32608503844798303,0.388695576730749,0.2852193848212679
48,test,144,1457913600.0,0.9230228857439389,0.07464269663743428,0.00233441761862675,0.04779041472773088,0.5702557589445261,0.38195382632774294,0.008430062784628042,0.5216919141737711,0.4698780230416009,0.3264144544187659,0.38886345658524385,0.2847220889959902
49,test,144,1458000000.0,0.9268076204513059,0.07112294923794528,0.0020694303107487502,0.045639390388844354,0.5734566152655151,0.3809039943456406,0.007749122585310469,0.5225892594008354,0.4696616180138541,0.3267320444751536,0.3890562746347652,0.28421168089008114
50,test,144,1458086400.0,0.9304110262556925,0.06775483922263321,0.0018341345216743403,0.04358005464996984,0.5766075894324504,0.3798123559175799,0.00712278200333912,0.5234584961575739,0.469418721839087,0.3270379543030005,0.3892736416042191,0.28368840409278046
51,test,144,1458172800.0,0.9338414271650927,0.06453330627584038,0.0016252665590669193,0.04160892311362586,0.5797101593880932,0.3786809174982809,0.006546725115040418,0.5243018118328511,0.4691514630521086,0.3273323584645863,0.3895150924989282,0.28315254903648546
52,test,144,1458259200.0,0.9371067936477513,0.061453295262909324,0.0014399110893394173,0.03972260764479871,0.5827657742735434,0.377511618081658,0.006016967567398458,0.5251212280413313,0.46886180439127023,0.3276154562866495,0.38978009919259465,0.2826044445207559
53,test,144,1458345600.0,0.9402147548632107,0.05850977945115727,0.0012754656856319802,0.037917817002367064,0.5857758530283977,0.37630632996923513,0.005529832599552626,0.5259186124018925,0.46855155499855483,0.3278874681550435,0.3900680816271492,0.2820444502178073
54,test,144,1458432000.0,0.9431726108791865,0.05569778043228331,0.001129608688530224,0.03619135708703263,0.5887417832180354,0.37506685969493203,0.005081928561380312,0.5266956896018498,0.46822238183677,0.3281486321758665,0.39037841775072285,0.2814729500734108
55,test,144,1458518400.0,0.9459873447852357,0.0530123850924554,0.0010002701223088177,0.03454013084307845,0.5916649200707644,0.3737949490861571,0.004670127874989307,0.5274540517699884,0.46787582035502234,0.32839920116776783,0.3907104523110694,0.28089034652116274
56,test,144,1458604800.0,0.9486656346342195,0.05044875994631553,0.0008856054194648514,0.032961137849137956,0.594546585708261,0.3724922764426012,0.004291547379503476,0.5281951681845296,0.46751328443596696,0.32863943995428696,0.39106350461303535,0.28029705543267763
57,test,144,1458691200.0,0.9512138651589437,0.04800216312289347,0.0007839717181628259,0.03145147363102253,0.5973880685534452,0.37116045781553236,0.003943529995910505,0.5289203943443302,0.46713607565975934,0.3288696229286256,0.3914368753402229,0.2796935017311515
58,test,144,1458777600.0,0.9536381392247019,0.045667954265015895,0.0006939065102822195,0.03000832872753987,0.6001906229006981,0.369801048371762,0.003623627646619586,0.5296309804330215,0.4667453919203589,0.32909003186628716,0.39182985253291186,0.2790801156008011
59,test,144,1458864000.0,0.9559442889892203,0.04344160257926634,0.0006141084315133574,0.028628987538159418,0.6029554686340859,0.36841554382775465,0.003329585363468374,0.5303280792065614,0.46634233542997017,0.3293009539636161,0.3922417168066379,0.2784573292297461
60,test,144,1458950400.0,0.9581378867501588,0.041318693250864895,0.0005434199989763666,0.02731082697935482,0.6056837910800383,0.36700538194060683,0.003059326517980976,0.5310127533349309,0.46592792014708817,0.3295026800824982,0.39267174588861137,0.27782557402889047
61,test,144,1459036800.0,0.9602242554672236,0.03929493241695051,0.0004808121158260599,0.026051314974492715,0.6083767409817007,0.3655719440438066,0.002810939108510355,0.5316859822285454,0.46550307866294427,0.3296955031834089,0.39311921854239884,0.2771852782741923
62,test,144,1459123200.0,0.962208478951405,0.03736615087258023,0.0004253701760147257,0.024848008800244115,0.6110354345829502,0.36411655661680575,0.002582663040327573,0.5323486683794837,0.46506866858018864,0.32987971693065893,0.3935834179450047,0.27653686512433634
63,test,144,1459209600.0,0.964095411718133,0.035528306666226146,0.0003762816156409665,0.023698553310682925,0.6136609538108184,0.36264049287849875,0.0023728783366050677,0.5330016432468982,0.46462547841649676,0.3300556144551403,0.3940636345746476,0.27588075097021214
64,test,144,1459296000.0,0.9658896885044574,0.03377748672555008,0.0003328247699925669,0.02260067905850427,0.6162543465458057,0.36114497439569004,0.0021800942204625085,0.5336456727150594,0.4641742330644781,0.3302234872611414,0.39455916866213836,0.2752173440767202
65,test,144,1459382400.0,0.9675957334529157,0.032109907639671705,0.0002943589074125504,0.021552200331151516,0.6188166269702822,0.3596311726985664,0.002002939010704405,0.5342814621514301,0.4637155988378655,0.33038362426492385,0.39506933225379465,0.2745470434812815
66,test,144,1459468800.0,0.9692177689666611,0.03052191571090913,0.000260315322429802,0.020551013118082894,0.6213487759858679,0.35810021089604915,0.001840150776497727,0.5349096610910093,0.46325018813249297,0.33053631095374725,0.39559345092926207,0.2738702381169906
67,test,144,1459555200.0,0.9707598242418585,0.02900998637696756,0.00023018938117393416,0.01959509302394003,0.6238517416913487,0.3565531652847113,0.0016905686989506965,0.5355308675719685,0.4627785637290807,0.3306818286549164,0.39613086521342833,0.2731873061316553
68,test,144,1459641600.0,0.9722257434843865,0.027570723093680718,0.00020353342193277725,0.018682493140999908,0.6263264399133173,0.3549910669456829,0.0015531250903076492,0.5361456321463565,0.46230124276333584,0.33082045390523135,0.3966809317177848,0.27249861437698386
69,test,144,1459728000.0,0.9736191938186032,0.026200855758577925,0.00017995042281899982,0.017811341892997583,0.6287737547823419,0.3534149033246605,0.001426838024227674,0.5367544615883746,0.4618187003873978,0.33095245791194283,0.39724302404309814,0.2718045180449591
70,test,144,1459814400.0,0.9749436728964191,0.024897238746671085,0.00015908835690988036,0.016979840861198386,0.6311945393480385,0.3518256197907631,0.0013108045333336095,0.5373578223214737,0.4613313731451927,0.33107810609698374,0.3978165334720611,0.27110536043095523
71,test,144,1459900800.0,0.9762025162152153,0.023656848621846083,0.00014063516293875156,0.016186262602471642,0.6335896162269681,0.35022412117056023,0.0012041943328773405,0.5379561435842769,0.4608396620828458,0.3311976577168548,0.39840086947769704,0.2704014728054483
72,test,144,1459987200.0,0.9773989041532926,0.02247678158002607,0.00012431426668125885,0.015428948468072813,0.6359597782778001,0.348611273254127,0.0011062440319480112,0.5385498203541191,0.4603439356139329,0.33131136555110446,0.39899546007064846,0.2696931743782471
73,test,144,1460073600.0,0.9785358687315915,0.021354250673777792,0.00010988059463068798,0.014706306430870899,0.6383057892986648,0.34698790427046444,0.0010162517961372695,0.5391392160458254,0.45984453215803733,0.3314194756528665,0.39959975200608927,0.2689807723410441
74,test,144,1460160000.0,0.9796163001103765,0.02028658286219101,9.711702743257901e-05,0.014016808927863278,0.6406283847420747,0.34535480633006205,0.0009335724279601449,0.5397246650022133,0.4593417625698266,0.3315222271554,0.40021321086882633,0.26826456197577375
75,test,144,1460246400.0,0.9806429528294963,0.01927121592461505,8.583124588875463e-05,0.013358990723994562,0.6429282724432243,0.34371273683278114,0.0008576128336050703,0.5403064747917239,0.458835912374671,0.331619852129032,0.4008353210531877,0.2675448268177803
76,test,144,1460332800.0,0.981618451800688,0.0183056952721283,7.585292718360893e-05,0.012731446802537455,0.6452061333578699,0.34206241983959257,0.000787827846747727,0.5408849283275547,0.4583272438256975,0.3317125754833244,0.4014655856525177,0.2668218388641579
77,test,144,1460419200.0,0.9825452980602338,0.01738767068639703,6.703125336911544e-05,0.012132830286598117,0.6474626223063706,0.34040454740703124,0.0007237163822096461,0.541460285821679,0.4578159977961114,0.33180061490968055,0.40210352627148227,0.26609585881883724
78,test,144,1460505600.0,0.9834258742900925,0.016514893011801212,5.9232698106307094e-05,0.01156185039567211,0.6496983687208099,0.338739780883518,0.0006648178941735324,0.5420327865862186,0.45730239551960794,0.3318841808599794,0.40274868277294323,0.2653671363670774
79,test,144,1460592000.0,0.984262450115439,0.015685210823325947,5.2339061235056544e-05,0.011017270440596647,0.6519139773924428,0.3370687521669605,0.0006107091154849809,0.5426026506937487,0.4567866401907663,0.33196347655717356,0.40340061296983915,0.26463591047298723
80,test,144,1460678400.0,0.9850571871863382,0.014896567089697816,4.624572396410207e-05,0.010497905859716479,0.6541100292170072,0.33539206492327633,0.0005610010562768468,0.5431700805072969,0.4562689184364262,0.3320386980341105,0.40405889227133396,0.26390240969455553
81,test,144,1460764800.0,0.985812144051078,0.0141469958485513,4.0860100370696473e-05,0.01000262229860128,0.6562870819357124,0.33371029576568634,0.0005153362417517254,0.5437352620900169,0.4557494016682314,0.33211003419714363,0.40472311329142685,0.26316685251142946
82,test,144,1460851200.0,0.9865292808284863,0.01343461890801047,3.610026350318961e-05,0.009530333735218485,0.6584456708699722,0.3320239953948093,0.0004733861704534397,0.5442983665037956,0.45522824732575096,0.3321776669113861,0.40539288542725943,0.2624294476613545
83,test,144,1460937600.0,0.9872104636863483,0.012757642586934275,3.189372671741949e-05,0.00908000065207356,0.6605863096481803,0.33033368969974614,0.00043484897575474685,0.5448595510053688,0.4547056000188765,0.3322417711047255,0.40606783441349437,0.26169039448178
84,test,144,1461024000.0,0.9878574691328501,0.012114354504175784,2.817636297408975e-05,0.008650628256477378,0.6627094909230385,0.32863988082048406,0.0003994472745900516,0.545418960147888,0.4541815925775219,0.3323025148879725,0.4067476018583675,0.26094988325366003
85,test,144,1461110400.0,0.9884719881277757,0.011503120425521976,2.4891446702448786e-05,0.008241264749783553,0.6648156870781484,0.32694304817206804,0.00036692618867375273,0.5459767267952871,0.45365634701603913,0.3323600596887443,0.40743184476631916,0.26020809554493657
86,test,144,1461196800.0,0.989055630019994,0.01092238117548914,2.1988804516791982e-05,0.007850999646156154,0.6669053509227485,0.32524364943109535,0.0003370515245715895,0.546532973056245,0.45312997541918326,0.33241456039690725,0.40812023505149425,0.25946520455159844
87,test,144,1461283200.0,0.9896099263175933,0.010370649619830861,1.942406257598911e-05,0.007478962141175837,0.6689789163736489,0.3235421214851753,0.0003096081000389758,0.5470878111440323,0.45260258075592874,0.3324661655196027,0.40881245904583735,0.25872137543456003
88,test,144,1461369600.0,0.9901363342968268,0.00984650772345314,1.7157979720118284e-05,0.007124319530368395,0.6710367991235607,0.3218388813460709,0.000284398205011424,0.5476413441680412,0.45207425762694736,0.33251501734406885,0.40950821700501827,0.25797676565091276
89,test,144,1461456000.0,0.9906362404558737,0.009348603687407852,1.5155856718494167e-05,0.0067862756775425226,0.673079397295151,0.32013432702730643,0.0002612401865325523,0.5481936668623711,0.45154509295109635,0.3325612521066496,0.41020722261497666,0.25723152527837373
90,test,144,1461542400.0,0.9911109638192274,0.008875649167738009,1.3387013034555776e-05,0.006464069532648811,0.6751070920802812,0.3184288383870701,0.00023996714773915758,0.5487448662564134,0.45101516659584756,0.33260500016653843,0.41090920250147756,0.25648579733198407
91,test,144,1461628800.0,0.9915617590983696,0.008426416578161818,1.1824323468511771e-05,0.006156973698720087,0.6771202483639909,0.3167227779372891,0.00022042575179492057,0.5492950222920124,0.45048455195619275,0.33264638618296155,0.4116138957447217,0.2557397180723168
92,test,144,1461715200.0,0.9919898197142126,0.00799973647789713,1.0443807890336462e-05,0.0058642930473204995,0.6791192153328967,0.3150164916197828,0.00020247512237846343,0.5498442083914179,0.4499533164862036,0.3326855292946372,0.41232105340073727,0.2549934173046256
93,test,144,1461801600.0,0.9923962806866337,0.007594495045331745,9.224268034522281e-06,0.005585363381816111,0.6811043270677571,0.31331030955042677,0.00018598583299177663,0.5503924919799192,0.4494215221870889,0.3327225433004805,0.41303043803100276,0.25424701866851673
94,test,144,1461888000.0,0.9927822213962678,0.00720963163772845,8.14696600370669e-06,0.005319550147681773,0.683075903120042,0.3116045467322763,0.0001708389779650929,0.5509399349667503,0.44888922605528453,0.33275753684063825,0.4137418232415069,0.2535006399178548
95,test,144,1461974400.0,0.9931486682235611,0.006844136436709233,7.1953397297175885e-06,0.0050662471889753044,0.6850342490724127,0.3098995037386119,0.0001569253185977433,0.5514865941875741,0.4483564804938281,0.33279061357704476,0.414454993232232,0.2527543931907233
96,test,144,1462060800.0,0.9934965970699424,0.006497048178881946,6.35475117564941e-06,0.00482487555004041,0.6869796570830863,0.30819546736687337,0.00014414449839464285,0.5520325218115943,0.447823333690011,0.3328218723727925,0.4151697423578542,0.2520083852693533
97,test,144,1462147200.0,0.9938269357658139,0.006167451970647583,5.612263538411083e-06,0.004594882321441395,0.6889124064141106,0.3064927112644481,0.00013240432183799321,0.552577765716108,0.44728982996205396,0.33285140746969777,0.4158858747002887,0.25126271783001347
98,test,144,1462233600.0,0.9941405663699137,0.005854477185952276,4.956444134168326e-06,0.00437573952908603,0.6908327639436324,0.30479149652728166,0.00012162009157647275,0.5531223698310854,0.4467560100773382,0.3328793086635254,0.4166032036535567,0.250517487682918
99,test,144,1462320000.0,0.9944383273644569,0.0055572954455181236,4.377190024967339e-06,0.004166943065455209,0.6927409846622807,0.30309207227226403,0.0001117139993223868,0.5536663744561654,0.4462219115445123,0.3329056614764115,0.4173215515213214,0.2497727870022671
100,test,144,1462406400.0,0.994721015750325,0.00527511867589624,3.865573778704157e-06,0.003968011661829814,0.6946373121538282,0.301394676184342,0.00010261456612350493,0.5542098165522648,0.44568756888161176,0.3329305473260928,0.41804074912732975,0.24902870354657747
101,test,144,1462492800.0,0.9949893890464189,0.005007197246530064,3.413707051086295e-06,0.003778485900384005,0.6965219790603281,0.2996995350392879,9.425612802305358e-05,0.5547527300098232,0.4451530138621538,0.33295404369160864,0.41876063543889375,0.2482853208694976
102,test,144,1462579200.0,0.9952441671971667,0.00475281818289185,3.0146199414287047e-06,0.0035979272650004893,0.6983952075319532,0.2980068652030464,8.657836344076747e-05,0.5552951458955518,0.4446182757410075,0.3329762242752026,0.41948105720346557,0.24754271852133178
103,test,144,1462665600.0,0.9954860343920348,0.004511303453657524,2.662154307701297e-06,0.0034259172296554475,0.7002572096617868,0.29631687310855775,7.952585890212968e-05,0.5558370926793982,0.4440833814616996,0.33299715916019745,0.4202018685982809,0.24680097224152173
104,test,144,1462752000.0,0.9957156408007559,0.00428200832981065,2.3508694334768416e-06,0.003262056383218441,0.7021081879058406,0.29462975571094097,7.304771001386054e-05,0.556378596443312,0.4435483558466741,0.33301691496466274,0.42092293089298777,0.2460601541423495
105,test,144,1462838400.0,0.9959336042278637,0.004064319813513129,2.0759586232402593e-06,0.003105963589515154,0.7039483354885882,0.2929457009218967,6.709715483315701e-05,0.5569196810732624,0.44301322177190455,0.3330355549907373,0.42164411212512115,0.24532033288414143
106,test,144,1462924800.0,0.9961405116899898,0.0038576551345446746,1.8331754655173636e-06,0.0029572751815072256,0.7057778367943217,0.291264888024171,6.163123700779897e-05,0.5574603684358508,0.4424780003271415,0.33305313936950165,0.4223652867882391,0.24458157384225937
107,test,144,1463011200.0,0.9963369209192587,0.0036614603120935702,1.618768647788721e-06,0.00281564418845394,0.7075968677446504,0.28958748806689577,5.661049627555318e-05,0.5580006785407488,0.4419427109629757,0.33306972520132944,0.4230863355324976,0.2438439392661731
108,test,144,1463097600.0,0.9965233617959895,0.0034752087796752745,1.4294243352397718e-06,0.002680739594933701,0.7094055961624652,0.2879136642426011,5.1998684105767476e-05,0.5585406296900971,0.44140737162579713,0.3330853666916764,0.42380714487741256,0.24310748843091118
109,test,144,1463184000.0,0.9967003377138,0.0032984000709610976,1.2622152389054399e-06,0.00255224563061947,0.7112041821227097,0.2862435722466708,4.776250244495835e-05,0.5590802386159097,0.44087199888164524,0.33310011528228817,0.42452760693652686,0.24237227778118497
110,test,144,1463270400.0,0.9968683268800859,0.003130558564314897,1.1145555993351445e-06,0.0024298610897207206,0.7129927782902945,0.2845773606199848,4.387136369279156e-05,0.559619520606444,0.44033660802986313,0.33311401977783317,0.42524761915368453,0.2416383610684824
111,test,144,1463356800.0,0.9970277835547389,0.002971232283860245,9.841614009910523e-07,0.00231329867902486,0.7147715302455003,0.2829151710754748,4.029717018625016e-05,0.5601584896224212,0.43980121320739257,0.3331271264679833,0.42596708405059386,0.2409057894814228
112,test,144,1463443200.0,0.9971791392298567,0.0028199917549319073,8.690152114951399e-07,0.002202284393493072,0.7165405767972165,0.2812571388092903,3.701411160903519e-05,0.5606971584039121,0.4392658274844788,0.33313947924498627,0.42668590898535347,0.24017461176966023
113,test,144,1463529600.0,0.9973228037530871,0.002676428911803144,7.673351097120609e-07,0.002096556918388898,0.7183000502843625,0.2796033927972486,3.3998478871300214e-05,0.5612355385686346,0.4387304629524941,0.3331511197167825,0.4274040059216001,0.2394448743616175
114,test,144,1463616000.0,0.9974591663971484,0.002540156055623039,6.775472285186902e-07,0.001995867056942315,0.7200500768658363,0.27795405607722135,3.122849312258243e-05,0.5617736407023528,0.4381951308045247,0.33316208731573776,0.42812129120793746,0.23871662147632486
115,test,144,1463702400.0,0.9975885968779624,0.0024108048605447066,5.982614928771159e-07,0.0018999771825773408,0.7217907767993381,0.2763092460180846,2.868414866906699e-05,0.5623114744420127,0.43765984140931824,0.3331724194030697,0.4288376853672985,0.23798989522963193
116,test,144,1463788800.0,0.9977114463237424,0.0022880254260753026,5.282501823034164e-07,0.0018086607147572021,0.7235222647094073,0.2746690745758356,2.6347068665874412e-05,0.5628490485521948,0.4371246043791394,0.33318215136905516,0.4295531128958925,0.23726473573505244
117,test,144,1463875200.0,0.9978280481972789,0.0021714853737313782,4.6642898972647386e-07,0.0017217016175274141,0.7252446498450134,0.27303364853745926,2.420037254658311e-05,0.5633863709954225,0.4365894286320308,0.3331913167291176,0.4302675020713891,0.23654118119949327
118,test,144,1463961600.0,0.9979387191735758,0.002060868986137595,4.1184028669536004e-07,0.0016388939198638552,0.7269580363270357,0.27140306975310047,2.2228554236333122e-05,0.5639234489968196,0.4360543224489442,0.33319994721589197,0.4309807847699976,0.23581926801411046
119,test,144,1464048000.0,0.9980437599748986,0.0019558763867629433,3.636383384849111e-07,0.0015600412569598465,0.7286625233859572,0.269777435357083,2.0417370272200116e-05,0.5644602891035664,0.4355192935261613,0.3332080728673769,0.43169289629209545,0.2350990308405276
120,test,144,1464134400.0,0.9981434561652123,0.0018562227585453336,3.2107624236706283e-07,0.0014849564316130309,0.7303582055901001,0.26815683797828677,1.8753737025615317e-05,0.5649968972395804,0.43498434902339406,0.33321572211128364,0.43240377519607526,0.23438050269264107
121,test,144,1464220800.0,0.9982380789058983,0.001761637599713021,2.8349438860447086e-07,0.0014134609948997163,0.7320451730647191,0.2665413659403813,1.722563628694973e-05,0.5655332787557951,0.43444949560791796,0.33322292184569496,0.4331133631400757,0.2336637150142293
122,test,109,1464307200.0,0.9983278856745642,0.001671864015168812,2.50310266975854e-07,0.0013453848453509728,0.7337235117022621,0.264931103452387,1.582202853243504e-05,0.5660694384764005,0.4339147394950671,0.3332296975161492,0.4338216047312771,0.23294869775257368
